Camera,Point_ID,X_m,Y_m,Z_m,Clicked_X_px,Clicked_Y_px,Projected_X_px,Projected_Y_px,Residual_px,Camera_true_RMSE_px,Robust_inlier_count,Robust_inlier_RMSE_px
cam01,P01,-2.700000047683716,0.75,0.0,980.278564453125,962.1795654296875,984.0712638049041,978.7860318207528,17.034062767600876,8.946770063264804,19,3.4554393974991564
cam01,P02,-1.350000023841858,0.75,0.0,1277.739990234375,813.4488525390625,1288.2435814925807,815.592044632949,10.720014070454962,8.946770063264804,19,3.4554393974991564
cam01,P03,0.0,0.75,0.0,1486.619140625,709.5560913085938,1493.683393053397,702.2345767409913,10.173899839084633,8.946770063264804,19,3.4554393974991564
cam01,P04,1.350000023841858,0.75,0.0,1646.285888671875,629.72265625,1640.793691271454,619.3622100759302,11.726170611541894,8.946770063264804,19,3.4554393974991564
cam01,P05,2.700000047683716,0.75,0.0,1768.77001953125,567.3870239257812,1750.8500510603435,556.3217445478947,21.06099897224641,8.946770063264804,19,3.4554393974991564
cam01,P06,-2.700000047683716,2.1500000953674316,0.0,674.0682983398438,821.1041259765625,660.7583868510337,823.795918766087,13.579377462229008,8.946770063264804,19,3.4554393974991564
cam01,P07,-1.350000023841858,2.1500000953674316,0.0,964.968017578125,712.8369140625,964.341287711816,714.6570913951011,1.9250547647894805,8.946770063264804,19,3.4554393974991564
cam01,P08,0.0,2.1500000953674316,0.0,1179.315185546875,635.1907348632812,1185.413724936835,633.0708400331591,6.456480216160542,8.946770063264804,19,3.4554393974991564
cam01,P09,1.350000023841858,2.1500000953674316,0.0,1347.73095703125,572.8550415039062,1352.707652313795,570.1201228443708,5.678668506752372,8.946770063264804,19,3.4554393974991564
cam01,P10,2.700000047683716,2.1500000953674316,0.0,1486.619140625,522.549072265625,1483.2632105311905,520.2214452174825,4.084129585331642,8.946770063264804,19,3.4554393974991564
cam01,P11,-2.700000047683716,3.549999952316284,0.0,457.5338439941406,723.77294921875,446.8489550556648,718.9330443549234,11.729941633207531,8.946770063264804,19,3.4554393974991564
cam01,P12,-1.350000023841858,3.549999952316284,0.0,738.5911254882812,639.5651245117188,733.8152621123864,641.0145606822603,4.990965457472862,8.946770063264804,19,3.4554393974991564
cam01,P13,0.0,3.549999952316284,0.0,954.031982421875,580.5103149414062,953.9924409678312,579.6359041906261,0.8753043400256961,8.946770063264804,19,3.4554393974991564
cam01,P14,1.350000023841858,3.549999952316284,0.0,1124.6348876953125,531.2979125976562,1127.427378966117,530.326471295923,2.9566375666003224,8.946770063264804,19,3.4554393974991564
cam01,P15,2.700000047683716,3.549999952316284,0.0,1271.1783447265625,490.8344421386719,1267.1553479210504,489.96960510409906,4.114905393022932,8.946770063264804,19,3.4554393974991564
cam01,P16,-2.700000047683716,4.949999809265137,0.0,298.9606628417969,653.7820434570312,295.7011631113186,643.7249782284416,10.572081134057512,8.946770063264804,19,3.4554393974991564
cam01,P18,0.0,4.949999809265137,0.0,779.0546264648438,537.8595581054688,774.9597313768178,537.4814456746269,4.1123150161796085,8.946770063264804,19,3.4554393974991564
cam01,P19,1.350000023841858,4.949999809265137,0.0,947.4703369140625,497.3960876464844,947.6416693224458,497.83430560973034,0.470520751374308,8.946770063264804,19,3.4554393974991564
cam01,P20,2.700000047683716,4.949999809265137,0.0,1091.8265380859375,463.4942321777344,1090.2705637823924,464.54820647380916,1.8793397378012826,8.946770063264804,19,3.4554393974991564
cam01,P21,-2.700000047683716,6.349999904632568,0.0,168.82130432128906,594.7272338867188,183.581126161145,587.3068587581495,16.520118274182472,8.946770063264804,19,3.4554393974991564
cam01,P22,-1.350000023841858,6.349999904632568,0.0,421.4447937011719,543.32763671875,430.20677775231445,541.8577333225726,8.884423476319146,8.946770063264804,19,3.4554393974991564
cam01,P23,0.0,6.349999904632568,0.0,628.13671875,502.8641357421875,632.7753911163935,503.50938537096226,4.6833351797812535,8.946770063264804,19,3.4554393974991564
cam01,P24,1.350000023841858,6.349999904632568,0.0,800.9268188476562,467.86865234375,801.3191139417793,470.9293134131608,3.0856995353857526,8.946770063264804,19,3.4554393974991564
cam01,P25,2.700000047683716,6.349999904632568,0.0,942.0022583007812,441.6220703125,943.3515504256552,443.0043133740591,1.9316275830177956,8.946770063264804,19,3.4554393974991564
cam01,P31,3.450000047683716,5.099999904632568,0.5,1143.2261962890625,374.9119567871094,1141.9501890938336,376.1568964514505,1.7827139787766564,8.946770063264804,19,3.4554393974991564
cam01,P32,3.450000047683716,5.099999904632568,1.0,1141.0389404296875,300.546630859375,1141.5249869218947,305.09425388186185,4.573523406219681,8.946770063264804,19,3.4554393974991564
cam01,P33,3.450000047683716,5.099999904632568,1.5,1142.132568359375,227.27487182617188,1141.008431188778,232.92063405522435,5.756588879302848,8.946770063264804,19,3.4554393974991564
cam01,P34,3.450000047683716,5.099999904632568,2.0,1135.5709228515625,152.90951538085938,1140.3968431527865,159.64782662418872,8.288205183617515,8.946770063264804,19,3.4554393974991564
cam01,P35,3.450000047683716,5.099999904632568,2.299999952316284,1136.66455078125,104.79075622558594,1139.9825330048698,115.16268390759217,10.889714866653943,8.946770063264804,19,3.4554393974991564
cam02,P01,-2.700000047683716,0.75,0.0,103.2048110961914,484.2727966308594,119.44745589895467,464.109610577549,25.891650816607704,16.999750135250096,12,3.9652677735189528
cam02,P02,-1.350000023841858,0.75,0.0,235.53140258789062,560.8253784179688,235.06315099135497,543.8575880358054,16.974250204668632,16.999750135250096,12,3.9652677735189528
cam02,P03,0.0,0.75,0.0,409.41510009765625,659.2501220703125,394.5806141445304,651.0105208522629,16.969177992052934,16.999750135250096,12,3.9652677735189528
cam02,P04,1.350000023841858,0.75,0.0,643.447265625,794.8574829101562,628.0553757929056,801.5087049968465,16.767499153117857,16.999750135250096,12,3.9652677735189528
cam02,P05,2.700000047683716,0.75,0.0,996.6826782226562,998.2686157226562,998.8808500959008,1023.9819515199807,25.80712299754259,16.999750135250096,12,3.9652677735189528
cam02,P06,-2.700000047683716,2.1500000953674316,0.0,408.3215026855469,432.8731994628906,418.660438863005,434.2229271758797,10.426666110543854,16.999750135250096,12,3.9652677735189528
cam02,P07,-1.350000023841858,2.1500000953674316,0.0,563.6138305664062,496.302490234375,561.4275987240679,496.8130264280834,2.2450516416199067,16.999750135250096,12,3.9652677735189528
cam02,P08,0.0,2.1500000953674316,0.0,759.3696899414062,572.8550415039062,749.8770905550577,576.2816664381746,10.092135628788077,16.999750135250096,12,3.9652677735189528
cam02,P09,1.350000023841858,2.1500000953674316,0.0,1010.8995971679688,670.1861572265625,1008.9593005904007,679.4644410197657,9.478992612938296,16.999750135250096,12,3.9652677735189528
cam02,P10,2.700000047683716,2.1500000953674316,0.0,1368.5093994140625,811.2616577148438,1384.104431842346,815.7138877893188,16.21811915960894,16.999750135250096,12,3.9652677735189528
cam02,P11,-2.700000047683716,3.549999952316284,0.0,653.2897338867188,394.596923828125,658.6647748715831,404.7496292358983,11.487754031402309,16.999750135250096,12,3.9652677735189528
cam02,P12,-1.350000023841858,3.549999952316284,0.0,817.3309326171875,444.90289306640625,814.6177547723485,453.83122595997156,9.331476961127095,16.999750135250096,12,3.9652677735189528
cam02,P13,0.0,3.549999952316284,0.0,1018.5548706054688,509.42578125,1013.350687797923,513.1721550496669,6.412397004333516,16.999750135250096,12,3.9652677735189528
cam02,P14,1.350000023841858,3.549999952316284,0.0,1273.3656005859375,585.9783325195312,1274.0678770819509,585.3891977860604,0.9166635211649704,16.999750135250096,12,3.9652677735189528
cam02,P15,2.700000047683716,3.549999952316284,0.0,1611.2904052734375,692.058349609375,1628.4607549112936,672.7820258424694,25.81467731064632,16.999750135250096,12,3.9652677735189528
cam02,P16,-2.700000047683716,4.949999809265137,0.0,852.326416015625,365.0694885253906,854.7044677244634,377.11954249455755,12.282464353286137,16.999750135250096,12,3.9652677735189528
cam02,P17,-1.350000023841858,4.949999809265137,0.0,1019.6484375,406.6266174316406,1015.7983471369786,415.7250159558589,9.879476277056787,16.999750135250096,12,3.9652677735189528
cam02,P18,0.0,4.949999809265137,0.0,1223.0595703125,456.9325866699219,1215.374239719924,460.4435280585727,8.449320431355833,16.999750135250096,12,3.9652677735189528
cam02,P19,1.350000023841858,4.949999809265137,0.0,1473.495849609375,520.3618774414062,1468.0384771050144,511.9505934599888,10.026595277929635,16.999750135250096,12,3.9652677735189528
cam02,P20,2.700000047683716,4.949999809265137,0.0,1796.1102294921875,602.3824462890625,1796.3926336902648,569.9518442751987,32.43183157197135,16.999750135250096,12,3.9652677735189528
cam02,P21,-2.700000047683716,6.349999904632568,0.0,1025.116455078125,336.63568115234375,1017.3569564397691,351.8006821521018,17.034878175123815,16.999750135250096,12,3.9652677735189528
cam02,P22,-1.350000023841858,6.349999904632568,0.0,1194.625732421875,372.7247619628906,1178.9617833520565,382.27969652899674,18.348189965891383,16.999750135250096,12,3.9652677735189528
cam02,P23,0.0,6.349999904632568,0.0,1391.4752197265625,414.2818603515625,1374.6662707745659,416.2481790506249,16.923568598174292,16.999750135250096,12,3.9652677735189528
cam02,P24,1.350000023841858,6.349999904632568,0.0,1637.537109375,466.7750549316406,1615.6923882804283,453.4973459873438,25.563438628421753,16.999750135250096,12,3.9652677735189528
cam02,P26,-3.450000047683716,1.600000023841858,0.5,233.34417724609375,320.2315673828125,246.2943338854193,313.47966968328626,14.604611584288543,16.999750135250096,12,3.9652677735189528
cam02,P27,-3.450000047683716,1.600000023841858,1.0,226.78253173828125,214.1515655517578,244.2505471303473,210.57055086562957,17.83129910914295,16.999750135250096,12,3.9652677735189528
cam02,P28,-3.450000047683716,1.600000023841858,1.5,219.1272735595703,106.97797393798828,242.39231233040323,105.63293086126474,23.303887441510714,16.999750135250096,12,3.9652677735189528
cam03,P01,-2.700000047683716,0.75,0.0,1775.3316650390625,608.944091796875,1752.5293154881942,588.1484593082259,30.861067312115733,14.282520863047138,15,4.2879295266472655
cam03,P02,-1.350000023841858,0.75,0.0,1510.678466796875,559.7317504882812,1495.2941435846103,554.7173527046559,16.18090188561357,14.282520863047138,15,4.2879295266472655
cam03,P03,0.0,0.75,0.0,1290.86328125,522.549072265625,1282.0923196303982,524.702485014743,9.031442531544606,14.282520863047138,15,4.2879295266472655
cam03,P04,1.350000023841858,0.75,0.0,1111.511474609375,488.647216796875,1103.2417545801454,497.8426833338637,12.367088347493917,14.282520863047138,15,4.2879295266472655
cam03,P05,2.700000047683716,0.75,0.0,955.1255493164062,460.2134094238281,951.9472179697958,473.93032923636486,14.080329516471167,14.282520863047138,15,4.2879295266472655
cam03,P06,-2.700000047683716,2.1500000953674316,0.0,1653.941162109375,676.747802734375,1649.4216053200075,655.6774439241872,21.54962677083706,14.282520863047138,15,4.2879295266472655
cam03,P07,-1.350000023841858,2.1500000953674316,0.0,1366.322265625,614.4121704101562,1366.6439097153498,608.7163183928928,5.704926390710097,14.282520863047138,15,4.2879295266472655
cam03,P08,0.0,2.1500000953674316,0.0,1138.8516845703125,566.2933959960938,1139.0378252376051,567.9782072704925,1.6950626473264079,14.282520863047138,15,4.2879295266472655
cam03,P09,1.350000023841858,2.1500000953674316,0.0,955.1255493164062,526.9235229492188,953.3170894094691,532.7251283336589,6.076936092453471,14.282520863047138,15,4.2879295266472655
cam03,P10,2.700000047683716,2.1500000953674316,0.0,796.5523681640625,494.1152648925781,799.9851965375577,502.2713401055207,8.849060601049723,14.282520863047138,15,4.2879295266472655
cam03,P11,-2.700000047683716,3.549999952316284,0.0,1495.3680419921875,760.9556274414062,1506.847855496324,747.2391490142895,17.886528409149516,14.282520863047138,15,4.2879295266472655
cam03,P12,-1.350000023841858,3.549999952316284,0.0,1188.0640869140625,678.93505859375,1195.5133933257464,678.4802102125561,7.463179822637897,14.282520863047138,15,4.2879295266472655
cam03,P13,0.0,3.549999952316284,0.0,956.2191772460938,617.6929931640625,955.3360402584326,621.5803329445175,3.98639454992645,14.282520863047138,15,4.2879295266472655
cam03,P14,1.350000023841858,3.549999952316284,0.0,770.3057861328125,571.7614135742188,766.4920451229324,574.4335927731161,4.656732992287715,14.282520863047138,15,4.2879295266472655
cam03,P15,2.700000047683716,3.549999952316284,0.0,611.7326049804688,530.204345703125,615.2381888562534,535.1835738381137,6.089485292734054,14.282520863047138,15,4.2879295266472655
cam03,P16,-2.700000047683716,4.949999809265137,0.0,1278.8336181640625,874.69091796875,1297.462657687176,877.4055419831271,18.82578808690779,14.282520863047138,15,4.2879295266472655
cam03,P17,-1.350000023841858,4.949999809265137,0.0,961.6871948242188,765.330078125,958.5834395089515,771.0863428469308,6.5397156364780225,14.282520863047138,15,4.2879295266472655
cam03,P18,0.0,4.949999809265137,0.0,722.18701171875,686.5902709960938,713.0536866422225,688.9341947567052,9.429295071694664,14.282520863047138,15,4.2879295266472655
cam03,P19,1.350000023841858,4.949999809265137,0.0,536.2736206054688,627.5354614257812,529.2374806113285,624.6572338162327,7.602069467553407,14.282520863047138,15,4.2879295266472655
cam03,P20,2.700000047683716,4.949999809265137,0.0,384.2621154785156,575.042236328125,387.29661594969707,573.5231755984261,3.3934847296125965,14.282520863047138,15,4.2879295266472655
cam03,P21,-2.700000047683716,6.349999904632568,0.0,956.2191772460938,1049.668212890625,964.4838955409184,1073.6691915187757,25.38410021256924,14.282520863047138,15,4.2879295266472655
cam03,P22,-1.350000023841858,6.349999904632568,0.0,630.3239135742188,891.0950317382812,614.5814656306474,897.657642117948,17.055571589699483,14.282520863047138,15,4.2879295266472655
cam03,P23,0.0,6.349999904632568,0.0,401.75982666015625,781.7341918945312,383.2820300777537,774.9207623596878,19.69395309649447,14.282520863047138,15,4.2879295266472655
cam03,P24,1.350000023841858,6.349999904632568,0.0,230.0633544921875,697.5263671875,220.45460447340565,685.8024134758305,15.15846850960908,14.282520863047138,15,4.2879295266472655
cam03,P25,2.700000047683716,6.349999904632568,0.0,97.73677062988281,633.0034790039062,99.7882018500519,618.6345230541928,14.514656907274498,14.282520863047138,15,4.2879295266472655
cam03,P31,3.450000047683716,5.099999904632568,0.5,280.36932373046875,465.68145751953125,289.8228136138373,461.6172329882095,10.290111370434683,14.282520863047138,15,4.2879295266472655
cam03,P32,3.450000047683716,5.099999904632568,1.0,269.4332580566406,367.2567138671875,284.79573880238524,368.1650908561717,15.389313286092078,14.282520863047138,15,4.2879295266472655
cam03,P33,3.450000047683716,5.099999904632568,1.5,263.9652099609375,272.11279296875,279.9605317269014,273.0875336307153,16.024994157715245,14.282520863047138,15,4.2879295266472655
cam03,P34,3.450000047683716,5.099999904632568,2.0,260.68438720703125,174.78167724609375,275.3290913355304,176.49802048415916,14.744937881257169,14.282520863047138,15,4.2879295266472655
cam03,P35,3.450000047683716,5.099999904632568,2.299999952316284,256.3099670410156,115.72683715820312,272.64796786326724,117.8673562417489,16.47762400393085,14.282520863047138,15,4.2879295266472655
cam04,P01,-2.700000047683716,0.75,0.0,971.5296630859375,482.0855712890625,970.967432022949,485.82559794858093,3.7820501295061963,12.116315157890577,18,4.1704701730137606
cam04,P02,-1.350000023841858,0.75,0.0,826.079833984375,505.05133056640625,830.4319394666093,508.79734281106226,5.742249547486275,12.116315157890577,18,4.1704701730137606
cam04,P03,0.0,0.75,0.0,654.38330078125,535.67236328125,662.695976587671,535.4987185655482,8.31448925370333,12.116315157890577,18,4.1704701730137606
cam04,P04,1.350000023841858,0.75,0.0,444.4105529785156,570.6678466796875,458.8744113053734,566.8688772530834,14.95444303221242,12.116315157890577,18,4.1704701730137606
cam04,P05,2.700000047683716,0.75,0.0,183.0382080078125,615.5057373046875,206.947313418617,603.8514213423622,26.598278179135423,12.116315157890577,18,4.1704701730137606
cam04,P06,-2.700000047683716,2.1500000953674316,0.0,1115.885986328125,509.42578125,1114.8444797291595,512.5330268136292,3.277149826965854,12.116315157890577,18,4.1704701730137606
cam04,P07,-1.350000023841858,2.1500000953674316,0.0,973.7169189453125,541.1404418945312,973.1708398956517,541.0902734575718,0.5483787017612496,12.116315157890577,18,4.1704701730137606
cam04,P08,0.0,2.1500000953674316,0.0,800.9268188476562,577.2294921875,801.032424456077,575.034555301974,2.19747593296773,12.116315157890577,18,4.1704701730137606
cam04,P09,1.350000023841858,2.1500000953674316,0.0,586.57958984375,620.9738159179688,587.0580183660918,616.0714823062387,4.925623685553726,12.116315157890577,18,4.1704701730137606
cam04,P10,2.700000047683716,2.1500000953674316,0.0,309.8967590332031,680.0286254882812,314.1594194343089,666.3378046206678,14.339067254331232,12.116315157890577,18,4.1704701730137606
cam04,P11,-2.700000047683716,3.549999952316284,0.0,1297.4249267578125,544.4212646484375,1290.003838918093,544.3459931202093,7.421469566588248,12.116315157890577,18,4.1704701730137606
cam04,P12,-1.350000023841858,3.549999952316284,0.0,1149.787841796875,581.6039428710938,1150.2115194475882,580.4966968146618,1.185536410743202,12.116315157890577,18,4.1704701730137606
cam04,P13,0.0,3.549999952316284,0.0,976.9977416992188,627.5354614257812,976.425752301809,624.5992477336538,2.991408149448349,12.116315157890577,18,4.1704701730137606
cam04,P14,1.350000023841858,3.549999952316284,0.0,761.5569458007812,684.403076171875,754.2719686765864,679.7323848841881,8.653684117467874,12.116315157890577,18,4.1704701730137606
cam04,P15,2.700000047683716,3.549999952316284,0.0,470.65716552734375,758.7684326171875,459.8082925190095,750.4839514418406,13.650299406813009,12.116315157890577,18,4.1704701730137606
cam04,P16,-2.700000047683716,4.949999809265137,0.0,1508.4913330078125,584.884765625,1507.2522239716345,582.5998090869346,2.599310982623268,12.116315157890577,18,4.1704701730137606
cam04,P17,-1.350000023841858,4.949999809265137,0.0,1372.8839111328125,633.0034790039062,1375.5907710372048,629.4837096595234,4.440255260642618,12.116315157890577,18,4.1704701730137606
cam04,P18,0.0,4.949999809265137,0.0,1199.000244140625,689.87109375,1206.4250448916587,688.5473130329001,7.541887136487507,12.116315157890577,18,4.1704701730137606
cam04,P19,1.350000023841858,4.949999809265137,0.0,983.5593872070312,764.2364501953125,981.6979584256563,765.4487327905597,2.2213838477107344,12.116315157890577,18,4.1704701730137606
cam04,P20,2.700000047683716,4.949999809265137,0.0,685.0043334960938,868.1292724609375,668.3846762582026,869.9622002204015,16.720425559070005,12.116315157890577,18,4.1704701730137606
cam04,P21,-2.700000047683716,6.349999904632568,0.0,1793.9229736328125,641.7523803710938,1778.8178034728078,628.0156252888021,20.41726244513605,12.116315157890577,18,4.1704701730137606
cam04,P22,-1.350000023841858,6.349999904632568,0.0,1667.064453125,704.0880126953125,1668.9224433958507,690.6079978214536,13.607458574106774,12.116315157890577,18,4.1704701730137606
cam04,P23,0.0,6.349999904632568,0.0,1507.397705078125,779.5469970703125,1519.9408534909626,773.0434216274145,14.128944251002451,12.116315157890577,18,4.1704701730137606
cam04,P24,1.350000023841858,6.349999904632568,0.0,1295.2376708984375,880.158935546875,1309.1873940016205,886.4658010905928,15.309190953215424,12.116315157890577,18,4.1704701730137606
cam04,P25,2.700000047683716,6.349999904632568,0.0,994.4954833984375,1027.7960205078125,991.4299216087528,1052.6287755532862,25.0212588059609,12.116315157890577,18,4.1704701730137606
cam04,P26,-3.450000047683716,1.600000023841858,0.5,1129.00927734375,416.4690856933594,1125.5267486450462,420.8714534431812,5.6132742621367955,12.116315157890577,18,4.1704701730137606
cam04,P27,-3.450000047683716,1.600000023841858,1.0,1130.1029052734375,346.4781494140625,1127.2642206221415,352.07600190738515,6.276470591542852,12.116315157890577,18,4.1704701730137606
cam04,P28,-3.450000047683716,1.600000023841858,1.5,1134.477294921875,276.48724365234375,1128.9740433463771,282.1661822317072,7.907978331495487,12.116315157890577,18,4.1704701730137606
cam04,P29,-3.450000047683716,1.600000023841858,2.0,1141.0389404296875,197.74745178222656,1130.6526994820942,211.10263868201883,16.918481555678863,12.116315157890577,18,4.1704701730137606
cam04,P30,-3.450000047683716,1.600000023841858,2.299999952316284,1142.132568359375,152.90951538085938,1131.6424994452336,167.89575560382696,18.292865872900467,12.116315157890577,18,4.1704701730137606
