trial_id,relative_visual_frame,visual_sample_index,visual_time_s,imu_nearest_sample_index,imu_nearest_time_s,timing_error_s,timing_error_ms,abs_timing_error_ms,imu_sample_reuse_count
A10-R10,0,0,0.0,0,0.0,0.0,0.0,0.0,1
A10-R10,1,1,0.016666666666666666,1,0.02,0.003333333333333334,3.333333333333334,3.333333333333334,1
A10-R10,2,2,0.03333333333333333,2,0.04,0.006666666666666668,6.666666666666668,6.666666666666668,1
A10-R10,3,3,0.05,3,0.06,0.009999999999999995,9.999999999999995,9.999999999999995,2
A10-R10,4,4,0.06666666666666667,3,0.06,-0.006666666666666668,-6.666666666666668,6.666666666666668,2
A10-R10,5,5,0.08333333333333333,4,0.08,-0.003333333333333327,-3.333333333333327,3.333333333333327,1
A10-R10,6,6,0.1,5,0.1,0.0,0.0,0.0,1
A10-R10,7,7,0.11666666666666667,6,0.12,0.003333333333333327,3.333333333333327,3.333333333333327,1
A10-R10,8,8,0.13333333333333333,7,0.14,0.006666666666666682,6.666666666666682,6.666666666666682,2
A10-R10,9,9,0.15,7,0.14,-0.009999999999999981,-9.99999999999998,9.99999999999998,2
A10-R10,10,10,0.16666666666666666,8,0.16,-0.006666666666666654,-6.666666666666654,6.666666666666654,1
A10-R10,11,11,0.18333333333333332,9,0.18,-0.003333333333333327,-3.333333333333327,3.333333333333327,1
A10-R10,12,12,0.2,10,0.2,0.0,0.0,0.0,1
A10-R10,13,13,0.21666666666666667,11,0.22,0.003333333333333327,3.333333333333327,3.333333333333327,1
A10-R10,14,14,0.23333333333333334,12,0.24,0.006666666666666654,6.666666666666654,6.666666666666654,2
A10-R10,15,15,0.25,12,0.24,-0.010000000000000009,-10.000000000000009,10.000000000000009,2
A10-R10,16,16,0.26666666666666666,13,0.26,-0.006666666666666654,-6.666666666666654,6.666666666666654,1
A10-R10,17,17,0.2833333333333333,14,0.28,-0.0033333333333332993,-3.3333333333332993,3.3333333333332993,1
A10-R10,18,18,0.3,15,0.3,0.0,0.0,0.0,1
A10-R10,19,19,0.31666666666666665,16,0.32,0.003333333333333355,3.333333333333355,3.333333333333355,1
A10-R10,20,20,0.3333333333333333,17,0.34,0.00666666666666671,6.66666666666671,6.66666666666671,2
A10-R10,21,21,0.35,17,0.34,-0.009999999999999953,-9.999999999999954,9.999999999999954,2
A10-R10,22,22,0.36666666666666664,18,0.36,-0.006666666666666654,-6.666666666666654,6.666666666666654,1
A10-R10,23,23,0.38333333333333336,19,0.38,-0.003333333333333355,-3.333333333333355,3.333333333333355,1
A10-R10,24,24,0.4,20,0.4,0.0,0.0,0.0,1
A10-R10,25,25,0.4166666666666667,21,0.42,0.0033333333333332993,3.3333333333332993,3.3333333333332993,1
A10-R10,26,26,0.43333333333333335,22,0.44,0.006666666666666654,6.666666666666654,6.666666666666654,2
A10-R10,27,27,0.45,22,0.44,-0.010000000000000009,-10.000000000000009,10.000000000000009,2
A10-R10,28,28,0.4666666666666667,23,0.46,-0.006666666666666654,-6.666666666666654,6.666666666666654,1
A10-R10,29,29,0.48333333333333334,24,0.48,-0.003333333333333355,-3.333333333333355,3.333333333333355,1
A10-R10,30,30,0.5,25,0.5,0.0,0.0,0.0,1
A10-R10,31,31,0.5166666666666667,26,0.52,0.0033333333333332993,3.3333333333332993,3.3333333333332993,1
A10-R10,32,32,0.5333333333333333,27,0.54,0.00666666666666671,6.66666666666671,6.66666666666671,2
A10-R10,33,33,0.55,27,0.54,-0.010000000000000009,-10.000000000000009,10.000000000000009,2
A10-R10,34,34,0.5666666666666667,28,0.56,-0.006666666666666599,-6.666666666666599,6.666666666666599,1
A10-R10,35,35,0.5833333333333334,29,0.58,-0.0033333333333334103,-3.3333333333334103,3.3333333333334103,1
A10-R10,36,36,0.6,30,0.6,0.0,0.0,0.0,1
A10-R10,37,37,0.6166666666666667,31,0.62,0.0033333333333332993,3.3333333333332993,3.3333333333332993,1
A10-R10,38,38,0.6333333333333333,32,0.64,0.00666666666666671,6.66666666666671,6.66666666666671,2
A10-R10,39,39,0.65,32,0.64,-0.010000000000000009,-10.000000000000009,10.000000000000009,2
A10-R10,40,40,0.6666666666666666,33,0.66,-0.006666666666666599,-6.666666666666599,6.666666666666599,1
A10-R10,41,41,0.6833333333333333,34,0.68,-0.0033333333333332993,-3.3333333333332993,3.3333333333332993,1
A10-R10,42,42,0.7,35,0.7,0.0,0.0,0.0,1
A10-R10,43,43,0.7166666666666667,36,0.72,0.0033333333333332993,3.3333333333332993,3.3333333333332993,1
A10-R10,44,44,0.7333333333333333,37,0.74,0.00666666666666671,6.66666666666671,6.66666666666671,2
A10-R10,45,45,0.75,37,0.74,-0.010000000000000009,-10.000000000000009,10.000000000000009,2
A10-R10,46,46,0.7666666666666667,38,0.76,-0.00666666666666671,-6.66666666666671,6.66666666666671,1
A10-R10,47,47,0.7833333333333333,39,0.78,-0.0033333333333332993,-3.3333333333332993,3.3333333333332993,1
A10-R10,48,48,0.8,40,0.8,0.0,0.0,0.0,1
A10-R10,49,49,0.8166666666666667,41,0.82,0.0033333333333332993,3.3333333333332993,3.3333333333332993,1
A10-R10,50,50,0.8333333333333334,42,0.84,0.006666666666666599,6.666666666666599,6.666666666666599,2
A10-R10,51,51,0.85,42,0.84,-0.010000000000000009,-10.000000000000009,10.000000000000009,2
A10-R10,52,52,0.8666666666666667,43,0.86,-0.00666666666666671,-6.66666666666671,6.66666666666671,1
A10-R10,53,53,0.8833333333333333,44,0.88,-0.0033333333333332993,-3.3333333333332993,3.3333333333332993,1
A10-R10,54,54,0.9,45,0.9,0.0,0.0,0.0,1
A10-R10,55,55,0.9166666666666666,46,0.92,0.0033333333333334103,3.3333333333334103,3.3333333333334103,1
A10-R10,56,56,0.9333333333333333,47,0.94,0.006666666666666599,6.666666666666599,6.666666666666599,2
A10-R10,57,57,0.95,47,0.94,-0.010000000000000009,-10.000000000000009,10.000000000000009,2
A10-R10,58,58,0.9666666666666667,48,0.96,-0.00666666666666671,-6.66666666666671,6.66666666666671,1
A10-R10,59,59,0.9833333333333333,49,0.98,-0.0033333333333332993,-3.3333333333332993,3.3333333333332993,1
A10-R10,60,60,1.0,50,1.0,0.0,0.0,0.0,1
A10-R10,61,61,1.0166666666666666,51,1.02,0.0033333333333334103,3.3333333333334103,3.3333333333334103,1
A10-R10,62,62,1.0333333333333334,52,1.04,0.006666666666666599,6.666666666666599,6.666666666666599,2
A10-R10,63,63,1.05,52,1.04,-0.010000000000000009,-10.000000000000009,10.000000000000009,2
A10-R10,64,64,1.0666666666666667,53,1.06,-0.006666666666666599,-6.666666666666599,6.666666666666599,1
A10-R10,65,65,1.0833333333333333,54,1.08,-0.0033333333333331883,-3.3333333333331883,3.3333333333331883,1
A10-R10,66,66,1.1,55,1.1,0.0,0.0,0.0,1
A10-R10,67,67,1.1166666666666667,56,1.12,0.0033333333333334103,3.3333333333334103,3.3333333333334103,1
A10-R10,68,68,1.1333333333333333,57,1.14,0.006666666666666599,6.666666666666599,6.666666666666599,2
A10-R10,69,69,1.15,57,1.14,-0.010000000000000009,-10.000000000000009,10.000000000000009,2
A10-R10,70,70,1.1666666666666667,58,1.16,-0.006666666666666821,-6.666666666666821,6.666666666666821,1
A10-R10,71,71,1.1833333333333333,59,1.18,-0.0033333333333334103,-3.3333333333334103,3.3333333333334103,1
A10-R10,72,72,1.2,60,1.2,0.0,0.0,0.0,1
A10-R10,73,73,1.2166666666666666,61,1.22,0.0033333333333334103,3.3333333333334103,3.3333333333334103,1
A10-R10,74,74,1.2333333333333334,62,1.24,0.006666666666666599,6.666666666666599,6.666666666666599,2
A10-R10,75,75,1.25,62,1.24,-0.010000000000000009,-10.000000000000009,10.000000000000009,2
A10-R10,76,76,1.2666666666666666,63,1.26,-0.006666666666666599,-6.666666666666599,6.666666666666599,1
A10-R10,77,77,1.2833333333333334,64,1.28,-0.0033333333333334103,-3.3333333333334103,3.3333333333334103,1
A10-R10,78,78,1.3,65,1.3,0.0,0.0,0.0,1
A10-R10,79,79,1.3166666666666667,66,1.32,0.0033333333333334103,3.3333333333334103,3.3333333333334103,1
A10-R10,80,80,1.3333333333333333,67,1.34,0.006666666666666821,6.666666666666821,6.666666666666821,2
A10-R10,81,81,1.35,67,1.34,-0.010000000000000009,-10.000000000000009,10.000000000000009,2
A10-R10,82,82,1.3666666666666667,68,1.36,-0.006666666666666599,-6.666666666666599,6.666666666666599,1
A10-R10,83,83,1.3833333333333333,69,1.38,-0.0033333333333334103,-3.3333333333334103,3.3333333333334103,1
A10-R10,84,84,1.4,70,1.4,0.0,0.0,0.0,1
A10-R10,85,85,1.4166666666666667,71,1.42,0.0033333333333331883,3.3333333333331883,3.3333333333331883,1
A10-R10,86,86,1.4333333333333333,72,1.44,0.006666666666666599,6.666666666666599,6.666666666666599,2
A10-R10,87,87,1.45,72,1.44,-0.010000000000000009,-10.000000000000009,10.000000000000009,2
A10-R10,88,88,1.4666666666666666,73,1.46,-0.006666666666666599,-6.666666666666599,6.666666666666599,1
A10-R10,89,89,1.4833333333333334,74,1.48,-0.0033333333333334103,-3.3333333333334103,3.3333333333334103,1
A10-R10,90,90,1.5,75,1.5,0.0,0.0,0.0,1
A10-R10,91,91,1.5166666666666666,76,1.52,0.0033333333333334103,3.3333333333334103,3.3333333333334103,1
A10-R10,92,92,1.5333333333333334,77,1.54,0.006666666666666599,6.666666666666599,6.666666666666599,2
A10-R10,93,93,1.55,77,1.54,-0.010000000000000009,-10.000000000000009,10.000000000000009,2
A10-R10,94,94,1.5666666666666667,78,1.56,-0.006666666666666599,-6.666666666666599,6.666666666666599,1
A10-R10,95,95,1.5833333333333333,79,1.58,-0.0033333333333331883,-3.3333333333331883,3.3333333333331883,1
A10-R10,96,96,1.6,80,1.6,0.0,0.0,0.0,1
A10-R10,97,97,1.6166666666666667,81,1.62,0.0033333333333334103,3.3333333333334103,3.3333333333334103,1
A10-R10,98,98,1.6333333333333333,82,1.64,0.006666666666666599,6.666666666666599,6.666666666666599,2
A10-R10,99,99,1.65,82,1.64,-0.010000000000000009,-10.000000000000009,10.000000000000009,2
A10-R10,100,100,1.6666666666666667,83,1.66,-0.006666666666666821,-6.666666666666821,6.666666666666821,1
A10-R10,101,101,1.6833333333333333,84,1.68,-0.0033333333333334103,-3.3333333333334103,3.3333333333334103,1
A10-R10,102,102,1.7,85,1.7,0.0,0.0,0.0,1
A10-R10,103,103,1.7166666666666666,86,1.72,0.0033333333333334103,3.3333333333334103,3.3333333333334103,1
A10-R10,104,104,1.7333333333333334,87,1.74,0.006666666666666599,6.666666666666599,6.666666666666599,2
A10-R10,105,105,1.75,87,1.74,-0.010000000000000009,-10.000000000000009,10.000000000000009,2
A10-R10,106,106,1.7666666666666666,88,1.76,-0.006666666666666599,-6.666666666666599,6.666666666666599,1
A10-R10,107,107,1.7833333333333334,89,1.78,-0.0033333333333334103,-3.3333333333334103,3.3333333333334103,1
A10-R10,108,108,1.8,90,1.8,0.0,0.0,0.0,1
A10-R10,109,109,1.8166666666666667,91,1.82,0.0033333333333334103,3.3333333333334103,3.3333333333334103,1
A10-R10,110,110,1.8333333333333333,92,1.84,0.006666666666666821,6.666666666666821,6.666666666666821,2
A10-R10,111,111,1.85,92,1.84,-0.010000000000000009,-10.000000000000009,10.000000000000009,2
A10-R10,112,112,1.8666666666666667,93,1.86,-0.006666666666666599,-6.666666666666599,6.666666666666599,1
A10-R10,113,113,1.8833333333333333,94,1.88,-0.0033333333333334103,-3.3333333333334103,3.3333333333334103,1
A10-R10,114,114,1.9,95,1.9,0.0,0.0,0.0,1
A10-R10,115,115,1.9166666666666667,96,1.92,0.0033333333333331883,3.3333333333331883,3.3333333333331883,1
A10-R10,116,116,1.9333333333333333,97,1.94,0.006666666666666599,6.666666666666599,6.666666666666599,2
A10-R10,117,117,1.95,97,1.94,-0.010000000000000009,-10.000000000000009,10.000000000000009,2
A10-R10,118,118,1.9666666666666666,98,1.96,-0.006666666666666599,-6.666666666666599,6.666666666666599,1
A10-R10,119,119,1.9833333333333334,99,1.98,-0.0033333333333334103,-3.3333333333334103,3.3333333333334103,1
A10-R10,120,120,2.0,100,2.0,0.0,0.0,0.0,1
A10-R10,121,121,2.0166666666666666,101,2.02,0.0033333333333334103,3.3333333333334103,3.3333333333334103,1
A10-R10,122,122,2.033333333333333,102,2.04,0.006666666666666821,6.666666666666821,6.666666666666821,2
A10-R10,123,123,2.05,102,2.04,-0.009999999999999787,-9.999999999999787,9.999999999999787,2
A10-R10,124,124,2.066666666666667,103,2.06,-0.006666666666666821,-6.666666666666821,6.666666666666821,1
A10-R10,125,125,2.0833333333333335,104,2.08,-0.0033333333333334103,-3.3333333333334103,3.3333333333334103,1
A10-R10,126,126,2.1,105,2.1,0.0,0.0,0.0,1
A10-R10,127,127,2.1166666666666667,106,2.12,0.0033333333333334103,3.3333333333334103,3.3333333333334103,1
A10-R10,128,128,2.1333333333333333,107,2.14,0.006666666666666821,6.666666666666821,6.666666666666821,2
A10-R10,129,129,2.15,107,2.14,-0.009999999999999787,-9.999999999999787,9.999999999999787,2
A10-R10,130,130,2.1666666666666665,108,2.16,-0.0066666666666663765,-6.6666666666663765,6.6666666666663765,1
A10-R10,131,131,2.183333333333333,109,2.18,-0.0033333333333329662,-3.333333333332966,3.333333333332966,1
A10-R10,132,132,2.2,110,2.2,0.0,0.0,0.0,1
A10-R10,133,133,2.216666666666667,111,2.22,0.0033333333333334103,3.3333333333334103,3.3333333333334103,1
A10-R10,134,134,2.2333333333333334,112,2.24,0.006666666666666821,6.666666666666821,6.666666666666821,2
A10-R10,135,135,2.25,112,2.24,-0.009999999999999787,-9.999999999999787,9.999999999999787,2
A10-R10,136,136,2.2666666666666666,113,2.26,-0.006666666666666821,-6.666666666666821,6.666666666666821,1
A10-R10,137,137,2.283333333333333,114,2.28,-0.0033333333333334103,-3.3333333333334103,3.3333333333334103,1
A10-R10,138,138,2.3,115,2.3,0.0,0.0,0.0,1
A10-R10,139,139,2.316666666666667,116,2.32,0.0033333333333329662,3.333333333332966,3.333333333332966,1
A10-R10,140,140,2.3333333333333335,117,2.34,0.0066666666666663765,6.6666666666663765,6.6666666666663765,1
A10-R10,141,141,2.35,118,2.36,0.009999999999999787,9.999999999999787,9.999999999999787,2
A10-R10,142,142,2.3666666666666667,118,2.36,-0.006666666666666821,-6.666666666666821,6.666666666666821,2
A10-R10,143,143,2.3833333333333333,119,2.38,-0.0033333333333334103,-3.3333333333334103,3.3333333333334103,1
A10-R10,144,144,2.4,120,2.4,0.0,0.0,0.0,1
A10-R10,145,145,2.4166666666666665,121,2.42,0.0033333333333334103,3.3333333333334103,3.3333333333334103,1
A10-R10,146,146,2.433333333333333,122,2.44,0.006666666666666821,6.666666666666821,6.666666666666821,1
A10-R10,147,147,2.45,123,2.46,0.009999999999999787,9.999999999999787,9.999999999999787,2
A10-R10,148,148,2.466666666666667,123,2.46,-0.006666666666666821,-6.666666666666821,6.666666666666821,2
A10-R10,149,149,2.4833333333333334,124,2.48,-0.0033333333333334103,-3.3333333333334103,3.3333333333334103,1
A10-R10,150,150,2.5,125,2.5,0.0,0.0,0.0,1
A10-R10,151,151,2.5166666666666666,126,2.52,0.0033333333333334103,3.3333333333334103,3.3333333333334103,1
A10-R10,152,152,2.533333333333333,127,2.54,0.006666666666666821,6.666666666666821,6.666666666666821,2
A10-R10,153,153,2.55,127,2.54,-0.009999999999999787,-9.999999999999787,9.999999999999787,2
A10-R10,154,154,2.566666666666667,128,2.56,-0.006666666666666821,-6.666666666666821,6.666666666666821,1
A10-R10,155,155,2.5833333333333335,129,2.58,-0.0033333333333334103,-3.3333333333334103,3.3333333333334103,1
A10-R10,156,156,2.6,130,2.6,0.0,0.0,0.0,1
A10-R10,157,157,2.6166666666666667,131,2.62,0.0033333333333334103,3.3333333333334103,3.3333333333334103,1
A10-R10,158,158,2.6333333333333333,132,2.64,0.006666666666666821,6.666666666666821,6.666666666666821,2
A10-R10,159,159,2.65,132,2.64,-0.009999999999999787,-9.999999999999787,9.999999999999787,2
A10-R10,160,160,2.6666666666666665,133,2.66,-0.0066666666666663765,-6.6666666666663765,6.6666666666663765,1
A10-R10,161,161,2.683333333333333,134,2.68,-0.0033333333333329662,-3.333333333332966,3.333333333332966,1
A10-R10,162,162,2.7,135,2.7,0.0,0.0,0.0,1
A10-R10,163,163,2.716666666666667,136,2.72,0.0033333333333334103,3.3333333333334103,3.3333333333334103,1
A10-R10,164,164,2.7333333333333334,137,2.74,0.006666666666666821,6.666666666666821,6.666666666666821,2
A10-R10,165,165,2.75,137,2.74,-0.009999999999999787,-9.999999999999787,9.999999999999787,2
A10-R10,166,166,2.7666666666666666,138,2.76,-0.006666666666666821,-6.666666666666821,6.666666666666821,1
A10-R10,167,167,2.783333333333333,139,2.78,-0.0033333333333334103,-3.3333333333334103,3.3333333333334103,1
A10-R10,168,168,2.8,140,2.8,0.0,0.0,0.0,1
A10-R10,169,169,2.816666666666667,141,2.82,0.0033333333333329662,3.333333333332966,3.333333333332966,1
A10-R10,170,170,2.8333333333333335,142,2.84,0.0066666666666663765,6.6666666666663765,6.6666666666663765,1
A10-R10,171,171,2.85,143,2.86,0.009999999999999787,9.999999999999787,9.999999999999787,2
A10-R10,172,172,2.8666666666666667,143,2.86,-0.006666666666666821,-6.666666666666821,6.666666666666821,2
A10-R10,173,173,2.8833333333333333,144,2.88,-0.0033333333333334103,-3.3333333333334103,3.3333333333334103,1
A10-R10,174,174,2.9,145,2.9,0.0,0.0,0.0,1
A10-R10,175,175,2.9166666666666665,146,2.92,0.0033333333333334103,3.3333333333334103,3.3333333333334103,1
A10-R10,176,176,2.933333333333333,147,2.94,0.006666666666666821,6.666666666666821,6.666666666666821,1
A10-R10,177,177,2.95,148,2.96,0.009999999999999787,9.999999999999787,9.999999999999787,2
A10-R10,178,178,2.966666666666667,148,2.96,-0.006666666666666821,-6.666666666666821,6.666666666666821,2
A10-R10,179,179,2.9833333333333334,149,2.98,-0.0033333333333334103,-3.3333333333334103,3.3333333333334103,1
A10-R10,180,180,3.0,150,3.0,0.0,0.0,0.0,1
A10-R10,181,181,3.0166666666666666,151,3.02,0.0033333333333334103,3.3333333333334103,3.3333333333334103,1
A10-R10,182,182,3.033333333333333,152,3.04,0.006666666666666821,6.666666666666821,6.666666666666821,2
A10-R10,183,183,3.05,152,3.04,-0.009999999999999787,-9.999999999999787,9.999999999999787,2
A10-R10,184,184,3.066666666666667,153,3.06,-0.006666666666666821,-6.666666666666821,6.666666666666821,1
A10-R10,185,185,3.0833333333333335,154,3.08,-0.0033333333333334103,-3.3333333333334103,3.3333333333334103,1
A10-R10,186,186,3.1,155,3.1,0.0,0.0,0.0,1
A10-R10,187,187,3.1166666666666667,156,3.12,0.0033333333333334103,3.3333333333334103,3.3333333333334103,1
A10-R10,188,188,3.1333333333333333,157,3.14,0.006666666666666821,6.666666666666821,6.666666666666821,2
A10-R10,189,189,3.15,157,3.14,-0.009999999999999787,-9.999999999999787,9.999999999999787,2
A10-R10,190,190,3.1666666666666665,158,3.16,-0.0066666666666663765,-6.6666666666663765,6.6666666666663765,1
A10-R10,191,191,3.183333333333333,159,3.18,-0.0033333333333329662,-3.333333333332966,3.333333333332966,1
A10-R10,192,192,3.2,160,3.2,0.0,0.0,0.0,1
A10-R10,193,193,3.216666666666667,161,3.22,0.0033333333333334103,3.3333333333334103,3.3333333333334103,1
A10-R10,194,194,3.2333333333333334,162,3.24,0.006666666666666821,6.666666666666821,6.666666666666821,2
A10-R10,195,195,3.25,162,3.24,-0.009999999999999787,-9.999999999999787,9.999999999999787,2
A10-R10,196,196,3.2666666666666666,163,3.26,-0.006666666666666821,-6.666666666666821,6.666666666666821,1
A10-R10,197,197,3.283333333333333,164,3.28,-0.0033333333333334103,-3.3333333333334103,3.3333333333334103,1
A10-R10,198,198,3.3,165,3.3,0.0,0.0,0.0,1
A10-R10,199,199,3.316666666666667,166,3.32,0.0033333333333329662,3.333333333332966,3.333333333332966,1
A10-R10,200,200,3.3333333333333335,167,3.34,0.0066666666666663765,6.6666666666663765,6.6666666666663765,1
A10-R10,201,201,3.35,168,3.36,0.009999999999999787,9.999999999999787,9.999999999999787,2
A10-R10,202,202,3.3666666666666667,168,3.36,-0.006666666666666821,-6.666666666666821,6.666666666666821,2
